case_submitter_id,JAK2,ABL1,CXCR4,FLT3,KRAS,MYC,ETV6,TP53,NOTCH1,RUNX1,IL7R,CD19,IKZF1,BCR,PAX5,MME,CD3E,CRLF2,NRAS,CEBPA
TARGET-10-PAMXHJ,19.1144,30.8853,779.4133,252.1679,48.1833,44.3249,46.6375,61.8754,28.5419,74.5168,27.6132,564.6731,60.8664,46.4245,184.2164,193.1495,5.0565,47.626,70.7399,0.2506
TARGET-10-PAMXSP,34.3259,29.6208,1088.1253,320.2278,56.5292,6.8002,82.5126,16.5839,15.674,150.3382,44.8954,271.2235,68.7591,48.9981,197.473,170.9893,10.1271,6.1833,76.9964,0.0544
TARGET-10-PANATY,10.0603,77.7148,2110.8241,314.7055,110.9366,9.7156,217.1322,25.6347,60.3323,69.4801,97.25,232.2196,254.798,229.8286,117.2821,790.4636,30.8146,2.1326,97.8788,11.6353
TARGET-10-PANDBX,11.1775,75.2777,5251.4109,301.6485,111.2497,9.0899,248.8021,38.1498,75.1594,96.8707,159.0388,274.4065,82.2631,139.1745,211.9352,297.7214,4.3672,6.2005,110.1844,2.7838
TARGET-10-PANEUH,12.7066,33.3584,7095.736,58.7558,23.9856,53.9647,84.5145,18.3155,14.472,58.158,23.802,33.1329,27.4399,48.3526,37.1636,79.2195,2.6617,65.9321,117.0603,0.1792
TARGET-10-PANJPG,21.0667,21.6442,507.4025,624.9907,31.1858,49.7165,157.956,29.8964,45.9407,87.1196,8.7624,314.6311,52.6701,45.9147,101.5964,22.0565,45.2233,0.5029,55.6178,33.7607
TARGET-10-PANJWJ,13.7937,55.485,186.525,41.3852,19.0594,33.1245,90.9936,15.6182,29.8661,23.3585,2.244,88.4455,27.1343,29.3901,26.7078,83.0035,12.8449,2.4098,38.8742,1.8725
TARGET-10-PANKAK,11.9402,60.2984,1411.4296,21.7597,47.1678,31.4769,68.8921,63.1663,49.8119,77.5724,49.4709,259.7546,60.1207,165.5905,393.9287,263.5254,14.5864,2.3284,117.5668,1.287
TARGET-10-PANKGK,9.0991,44.2352,1665.8558,364.2427,62.6105,35.2932,136.7969,10.086,88.2915,93.4927,6.4016,56.9073,24.3178,81.7491,31.5832,4.4171,15.2635,2.8165,83.2956,14.7807
TARGET-10-PANKMB,12.7834,48.6574,376.662,125.818,28.267,14.0136,48.5534,42.0706,64.3071,97.7062,121.9042,508.0189,88.6162,55.0861,116.4841,557.8416,17.3108,66.6158,70.7969,0.8542
TARGET-10-PANLIC,18.1713,49.2376,1082.0757,764.9483,18.7866,69.3233,212.2711,61.49,103.7145,94.8583,10.4183,722.7789,81.9186,114.0492,138.6803,209.9468,6.7521,315.257,67.8554,26.1456
TARGET-10-PANPJI,12.5128,30.6703,3546.8508,391.0632,82.212,20.9938,92.8778,18.5496,35.7255,74.5732,19.3177,149.9436,146.9639,45.192,45.1872,2.1126,7.776,0.961,106.1526,14.5067
TARGET-10-PANRWG,23.2111,39.8752,1548.9572,329.455,52.2719,11.5179,130.6566,21.1299,46.5173,151.1538,9.2628,282.3675,66.0428,86.99,109.5776,4.5775,40.4905,8.7593,104.1556,32.3038
TARGET-10-PANRYM,18.8402,30.3062,1957.2843,354.493,22.2608,33.4366,38.8095,48.1768,18.5032,79.9906,17.4754,210.9329,63.9223,51.4814,153.1115,218.6747,16.9891,9.034,60.6359,0.3609
TARGET-10-PANSBR,18.3185,15.0809,1129.2065,33.627,47.1444,7.614,192.9253,10.878,51.5141,49.2155,23.1809,298.4456,28.8079,118.0877,155.6055,441.1225,11.082,7.1913,98.2076,1.5614
TARGET-10-PANSDA,25.8613,31.9106,639.4688,75.6061,96.2613,14.3477,88.6408,9.9817,52.8461,57.4408,17.1818,179.472,40.3239,123.9602,151.1616,537.9976,26.2927,725.5881,113.8632,4.1164
TARGET-10-PANSHK,21.3655,49.2241,1064.1705,85.4671,48.2233,7.0681,32.843,25.5402,88.7253,53.8714,62.4536,306.6951,105.6817,98.2084,183.5408,662.7048,20.1176,5.227,106.6137,0.2508
TARGET-10-PANSIA,7.8432,20.3834,723.1606,87.1809,28.8424,56.2863,48.8774,18.7599,12.4236,41.368,7.762,198.7184,25.4204,36.3192,67.3587,55.123,9.4833,34.6529,47.1289,0.2757
TARGET-10-PANSPW,11.5221,137.2404,763.7888,6.8212,81.7998,14.5659,64.7329,19.468,30.5107,50.1123,34.7583,455.8899,101.2531,90.7535,160.4392,355.8427,49.3968,2.4239,139.25,1.0847
TARGET-10-PANSUL,8.5804,41.2033,2503.7307,77.1462,42.879,12.2588,27.845,12.0161,27.0119,56.5153,40.642,181.9298,55.5269,52.3865,107.6558,218.3795,34.2089,0.2825,122.1701,0.5923
TARGET-10-PANSXG,7.5267,32.0005,344.0781,130.8845,49.007,24.5435,33.382,10.5728,15.3711,105.0005,9.9415,132.9018,44.04,29.4807,170.7218,72.5505,24.228,2.4441,151.7132,0.5444
TARGET-10-PANTSM,2.442,47.0351,3163.3702,41.1045,24.7296,11.2973,135.0808,13.6039,50.252,39.8005,3.3872,317.952,51.1895,107.8675,132.7714,6.4435,17.4123,0.3024,92.9682,5.1073
TARGET-10-PANTTZ,9.6872,47.8626,2675.1172,139.8855,86.0996,27.9494,102.5224,69.0499,57.2298,58.9497,66.7803,388.7426,329.9048,217.5664,187.4688,452.0011,7.5396,2.812,99.7132,21.2345
TARGET-10-PANUHA,21.146,27.9699,1214.4045,150.4576,73.9315,4.068,72.2765,20.5686,73.8847,108.8644,46.224,284.3405,125.6331,88.4148,215.9054,680.505,13.8153,1.1313,97.9022,0.0898
TARGET-10-PANUUF,6.3377,16.5878,1305.2791,256.5555,60.5734,17.5205,187.517,11.4498,88.3316,77.5363,31.0855,58.2199,28.1483,67.1607,45.6149,9.5794,25.4445,15.1129,74.6292,11.0419
TARGET-10-PANWEZ,8.747,61.706,3649.2489,72.1118,95.7327,2.6857,62.8633,17.9334,79.3088,39.2725,83.9108,291.666,70.0439,219.3044,237.0772,270.7644,0.6205,0.7681,131.2626,0
TARGET-10-PANWFB,3.7335,49.1281,522.6277,39.2697,41.7802,18.9902,130.2645,8.4325,16.1071,46.6641,2.0983,201.8855,7.1628,14.4881,41.9695,1.7791,7.2688,0.2174,105.5392,3.5692
TARGET-10-PANWHJ,6.4209,47.5982,2488.3581,97.3847,19.4026,12.9937,32.2859,12.099,39.6944,102.2195,13.7048,147.4449,46.491,63.4428,111.6775,9.182,32.9779,3.2144,91.078,0.2215
TARGET-10-PANWHW,6.8,36.7686,1742.3462,112.0118,24.5227,11.405,91.2404,20.7079,68.6211,10.898,1.4267,128.8418,29.0307,220.9032,38.4261,31.8996,0.8426,69.6772,23.3503,3.5893
TARGET-10-PANWVW,10.7973,160.5779,2908.4512,331.0538,37.878,64.4906,87.1674,34.0945,43.1698,83.1142,31.8008,344.1414,98.3837,58.0716,85.1801,88.6749,3.1908,1.2165,68.9617,0.0959
TARGET-10-PANWYH,14.1574,31.06,883.0356,84.3906,30.1766,27.5239,94.8691,62.6266,52.0021,50.8812,67.7296,171.6875,47.8876,54.6264,98.4412,611.0805,20.9305,201.087,71.5647,1.4955
TARGET-10-PANXDR,14.636,23.1918,891.6161,51.1507,65.9008,37.9541,175.6781,14.9276,16.3695,42.8782,14.024,99.8236,37.3978,49.0736,88.0407,398.9301,16.8322,42.4864,112.6999,0.0669
TARGET-10-PANYEJ,5.0576,12.6685,393.9217,38.1757,22.6651,7.7664,18.3046,5.7785,4.5974,40.6358,6.2206,38.222,17.0984,22.7284,37.9928,24.9352,2.6826,10.1168,53.647,0.0735
TARGET-10-PANYGB,2.5332,22.4887,1203.6954,54.5219,51.2593,37.2014,41.8049,15.3796,11.3804,45.1999,19.342,105.5682,19.2602,28.2573,70.6693,10.7017,1.2469,0.5028,53.4569,0
TARGET-10-PANYZE,8.7199,104.1154,2030.1047,326.6132,123.4715,34.7064,80.3701,28.0968,20.485,144.1657,197.0764,173.5017,141.4735,65.785,337.2717,213.4896,4.956,6.2347,109.0769,0.0553
TARGET-10-PANZPJ,26.987,37.9906,927.5284,32.3439,56.3092,2.6638,127.5849,10.9662,30.4154,61.6096,38.4933,372.768,56.7732,88.3329,253.0661,485.9403,52.6324,4.7583,201.6382,0.8383
TARGET-10-PAPAGK,1.2797,117.4738,1352.1368,31.0769,9.1454,8.2632,22.086,57.1188,58.5755,69.669,5.2594,216.3212,63.3312,89.2447,280.6647,54.5147,8.2916,0.1094,43.5626,0.5558
TARGET-10-PAPAIZ,3.1638,34.9159,2294.7359,80.7359,8.8061,26.0632,18.7287,31.7258,14.5777,39.7017,8.3301,124.8277,34.3478,48.0299,123.0449,38.6321,4.4064,2.3634,60.3436,0.8455
TARGET-10-PAPAXK,14.4781,53.7692,2608.7686,511.9498,28.4478,57.6806,193.3226,90.4729,79.1975,95.1412,122.3277,448.7122,230.2256,243.2281,300.782,336.0189,10.7738,0.6833,78.3248,35.3862
TARGET-10-PAPBCI,8.5486,28.772,843.4811,52.0331,33.9618,9.5376,15.7277,19.0089,67.0435,38.389,26.7209,98.7211,15.4031,68.5452,81.4476,51.3907,2.9698,1.4957,82.2313,14.0692
TARGET-10-PAPBFN,13.5928,32.0953,312.4193,375.1003,15.8351,34.5404,31.7697,48.0925,11.5296,50.2832,21.368,96.838,28.6963,39.4801,43.9241,121.9933,12.6255,4.2672,49.957,0.0443
TARGET-10-PAPBSY,4.6619,66.804,1910.6672,14.5664,35.5323,33.6692,13.449,17.0639,33.8868,53.3341,12.5722,164.0162,23.3467,161.9397,270.5311,41.0617,14.5669,0.1712,152.8686,0.7014
TARGET-10-PAPBZK,11.5905,9.1165,688.8972,69.2116,20.9879,54.128,26.1048,13.448,12.4273,23.6234,56.5232,24.7208,65.1526,19.8536,21.4807,10.6667,420.0068,37.942,44.2119,5.6464
TARGET-10-PAPCUR,9.1076,10.9682,1442.5943,17.304,8.3314,30.7439,14.7405,16.5217,8.0771,19.9451,19.1127,47.295,41.0671,15.1555,53.4486,4.1446,126.0371,0.0982,36.5579,3.8503
TARGET-10-PAPDKJ,12.2599,40.5931,2903.2285,57.37,24.169,14.9612,55.1426,14.6245,74.2584,100.4154,15.751,157.0845,66.6492,70.2673,251.5518,194.3028,34.6651,0.4232,152.1265,0.3847
TARGET-10-PAPDUF,4.3305,29.0559,3904.1652,148.6671,8.2928,28.4844,40.6039,55.0528,18.6166,49.1325,23.8115,146.8558,45.5933,46.6295,119.0312,134.7755,31.9674,1.9413,48.2685,0.4962
TARGET-10-PAPDUV,9.6243,20.2303,1944.1724,86.7311,8.0678,27.3471,78.8819,11.0473,28.0819,43.1024,8.3062,167.3338,72.6189,29.3943,37.3775,257.9164,3.5685,6.9875,25.9143,3.9762
TARGET-10-PAPECF,2.0063,26.4332,1789.9534,10.9228,9.1328,32.1856,27.9838,22.577,36.441,68.5776,20.8589,144.2039,57.0806,48.9704,215.8066,96.1264,222.864,1.0941,50.1545,1.3034
TARGET-10-PAPEFH,2.3976,38.8249,2450.2763,16.7339,2.3518,14.266,20.9078,40.1708,36.5799,47.4374,13.6914,109.6048,25.3308,89.1967,201.7061,147.9818,20.3294,144.1165,59.6506,1.315
TARGET-10-PAPEJN,36.9984,50.6644,3419.5274,77.6154,44.2707,12.6915,96.1962,41.6792,113.8533,231.932,101.1602,478.6652,137.2216,70.7004,433.2455,800.9024,20.8175,0.0475,134.0272,0.2534
TARGET-10-PAPESW,13.375,30.0053,1983.7636,260.9613,23.2694,15.3859,53.2637,23.5218,14.7589,70.8004,23.3677,88.8734,30.3051,38.9402,50.0212,226.8714,26.9405,4.558,51.2443,0.1109
TARGET-10-PAPEWB,20.6063,69.0958,1031.0793,34.1485,35.3381,22.4426,64.9736,33.2406,39.3752,101.4024,22.5423,465.0932,4.3168,130.9343,220.3895,276.045,13.9611,122.1807,155.7639,3.0557
TARGET-10-PAPFWH,11.4146,13.8373,836.6536,122.579,13.5818,10.8818,62.4028,14.2916,31.3127,30.4612,16.6069,106.6769,36.0713,46.3993,104.4338,313.5432,41.695,253.3908,32.5529,0.0716
TARGET-10-PAPFXN,4.2275,14.2205,1077.0569,86.3587,77.0566,28.248,27.2751,11.046,17.9183,49.771,17.2641,58.1745,59.9406,26.005,53.4884,67.9822,9.0812,19.3691,44.8175,0.3529
TARGET-10-PAPGFP,14.0705,30.3175,2049.0218,91.6306,32.0324,26.7765,27.9462,17.7487,12.58,12.5162,0.6702,165.7068,62.038,75.4046,124.6027,19.8428,3.9831,4.6416,108.3205,0.9695
TARGET-10-PAPGYC,23.2845,28.8262,1409.2252,227.4733,23.307,49.7763,55.9767,38.1033,42.889,83.5499,68.9574,219.8146,53.6364,45.1703,114.0397,222.9934,141.1756,444.5623,65.1851,0.4698
TARGET-10-PAPHGD,11.9749,54.5643,717.07,236.5647,48.519,35.893,134.8819,74.8711,62.756,129.9364,103.4302,179.7781,64.2777,55.4455,242.3216,402.7778,14.4373,40.9324,85.0723,2.4236
TARGET-10-PAPHJF,10.382,85.435,1161.0813,40.4222,106.3179,74.9932,19.2953,81.6691,55.2498,153.0069,742.1572,587.489,128.3533,126.0408,483.2084,173.1804,26.6385,0.4244,142.8032,2.3632
TARGET-10-PAPHMH,4.8393,36.6889,231.8884,158.388,167.3653,122.6112,118.4328,12.0474,5.4702,180.0441,4.429,116.2158,50.8334,84.6693,321.4954,0.0057,3.212,1.27,160.8289,3.1363
TARGET-10-PAPHYN,18.3817,103.2182,1751.9869,1012.4557,82.2542,28.5647,84.5299,56.5283,84.4621,129.6078,133.4468,258.7945,282.6036,117.8498,563.2016,79.74,4.8868,14.1856,71.0001,5.0507
TARGET-10-PAPHZT,33.2614,85.1277,1782.0408,134.153,52.7834,25.2022,77.2109,73.3932,105.207,74.023,132.4553,562.8382,122.9598,186.1211,473.8563,312.4931,26.1419,202.4553,101.7731,3.186
TARGET-10-PAPIGX,10.5065,17.1962,1160.7856,428.1946,37.3363,19.6087,100.3098,15.6349,21.1066,40.2822,11.5871,60.3368,48.447,25.2573,50.6468,0.6426,30.2236,0.9055,45.8453,24.9565
TARGET-10-PAPIJM,6.8734,55.5489,299.0454,176.9747,27.9755,37.4415,58.3491,33.0095,24.2751,43.6887,6.0434,184.7025,31.7466,84.1369,112.6757,348.2515,12.177,1.5557,89.8097,0.3431
TARGET-10-PAPIRZ,4.6695,22.4114,1381.1044,25.6619,35.2874,14.062,24.4162,15.2098,9.4778,48.76,23.8246,249.1924,65.6644,90.0463,162.2285,117.3974,26.9609,1.1145,98.1422,0.5134
TARGET-10-PAPJHB,8.9346,43.897,1678.8343,309.7265,74.5412,12.1549,105.7922,22.4594,27.664,69.9845,90.0342,318.0171,48.9856,67.7081,96.1522,97.9064,30.6441,4.9819,122.6777,8.7814
TARGET-10-PAPJHR,10.0879,83.2726,1538.312,52.4437,74.2675,17.5363,110.7028,9.9946,133.9596,71.2456,30.8597,288.0725,56.5909,155.2147,182.0181,326.6098,22.0474,2.7745,157.6025,1.6687
TARGET-10-PAPJIB,3.1636,40.3039,2922.0603,56.5852,62.8975,48.6517,32.0239,6.1925,51.541,91.6338,7.4504,64.3802,23.7702,69.8232,122.6479,49.8832,51.408,9.1862,138.8166,0.2743
TARGET-10-PAPJXI,13.0909,70.4326,574.1073,240.239,58.0654,20.5577,109.7774,32.9806,71.7102,116.3889,9.8907,219.1583,65.0932,67.0361,131.8082,145.6533,24.2923,2.3157,162.3818,7.6503
TARGET-10-PAPKNC,8.8366,94.2509,1140.803,8.1695,44.9005,64.3157,216.729,22.2191,30.3318,62.5496,7.715,265.0999,67.6517,75.2789,90.3244,137.5758,14.7904,5.2617,100.7924,3.4972
TARGET-10-PAPKNJ,15.5181,100.9195,1921.4712,135.8038,70.1,16.1524,117.0731,90.5874,87.3919,76.6044,96.2715,317.8715,82.5858,232.732,245.4277,781.3441,7.3687,11.3888,98.4275,1.9824
TARGET-10-PAPLTZ,17.0879,32.3738,1475.0275,56.118,51.3756,5.7052,31.7055,15.0664,85.4976,77.8492,12.9149,225.6499,45.0534,77.7007,164.6466,237.3586,11.1343,0.5634,110.0162,0.2929
TARGET-10-PAPLUG,17.9842,47.4597,916.7339,74.5576,42.3513,31.159,17.9159,13.856,126.3489,59.1488,12.1465,74.2658,293.7345,194.1944,263.7404,288.1776,27.4484,5.194,217.1196,1.049
TARGET-10-PAPMVB,10.5418,25.4507,5708.3276,26.3764,35.9347,22.0551,101.2211,7.1437,25.5335,84.7859,14.3142,131.0605,50.3554,40.475,174.0396,312.7517,22.5706,0.3313,136.1778,0.2526
TARGET-10-PAPNMY,36.6567,117.435,732.9983,574.2483,89.8963,64.9421,76.3546,7.9151,44.8813,244.8377,27.835,898.3871,72.5995,147.6386,229.2765,372.3779,5.0373,31.6617,122.1493,17.1654
TARGET-10-PAPNNX,9.9015,68.7695,798.0865,571.8158,36.8428,27.5315,267.2551,18.9441,78.0869,71.1352,56.3344,88.1094,45.5203,101.4764,74.0659,2.5726,11.0463,1.5883,57.2464,50.7462
TARGET-10-PAPRCS,8.4019,29.9727,1911.4926,66.4083,41.5228,28.2184,106.2873,44.169,23.5967,54.0913,40.6138,152.0313,100.2213,133.2573,235.289,200.5914,4.3913,369.1538,58.6044,3.7556
TARGET-10-PAPRFE,8.6471,53.4816,743.0246,9.0553,82.4102,21.775,31.9032,45.8704,17.6899,61.7,79.1745,253.29,43.6481,163.2419,193.9074,196.7383,6.007,0.4632,118.2586,0.3532
TARGET-10-PAPRMM,9.4662,100.4557,3493.5727,109.3304,52.1411,5.3732,252.6513,27.4408,126.4707,82.0617,59.6477,479.8958,143.9676,233.5443,246.5509,511.6795,5.7668,4.871,64.1377,5.8026
TARGET-10-PAPSPN,1.2578,19.5491,843.4503,17.7862,8.066,20.139,38.4419,53.2846,32.6265,29.4318,11.4766,280.4365,97.2772,85.2378,193.2512,30.15,3.4047,395.9224,15.95,4.1905
TARGET-10-PAPTAT,10.1494,94.6032,3879.3692,190.4015,59.5544,18.6532,200.2595,66.3614,144.5871,115.4693,84.5537,549.4233,125.6301,323.2502,409.588,838.1488,19.6798,3.5062,99.0259,6.7531
TARGET-10-PAPTLM,11.3304,75.3419,1322.3838,10.0195,81.7952,15.8946,43.6882,12.5408,11.6548,74.4029,31.5594,206.6341,36.009,171.2442,402.6039,157.9813,15.6526,0.4105,218.4353,0.3912
TARGET-10-PAPVTA,10.2543,92.2404,1957.0182,172.3501,18.191,44.714,85.9348,55.7369,159.0306,120.2505,47.1106,377.6054,77.8382,221.291,233.7121,58.2799,10.0319,12.6446,35.4183,1.0666
TARGET-10-PAPZNK,2.1343,63.6773,757.606,22.0752,13.3138,7.4525,12.7502,18.0263,22.8085,52.7189,4.2617,118.4101,18.6353,74.5248,330.5598,14.8493,10.2731,0.0342,56.3676,0.3518
TARGET-10-PAPZST,5.6457,29.1535,264.4091,68.432,6.0576,16.0729,47.5819,23.0022,49.6456,24.739,4.2449,72.8641,27.92,46.5382,32.8624,67.5421,23.5267,6.1043,46.9616,8.488
TARGET-10-PARACA,2.8338,54.5152,1168.4885,5.5275,17.9683,21.0833,16.547,100.0305,9.0787,116.999,68.0064,284.4566,22.0205,102.0297,486.7834,34.2687,40.332,0.0292,73.8622,2.8942
TARGET-10-PARAKF,7.0032,43.9007,811.907,38.2053,22.5343,19.7032,55.9284,38.8874,66.2196,106.5742,6.0112,261.1943,68.2718,60.0989,269.903,167.8615,43.0467,0.1008,79.8619,0.2114
TARGET-10-PARAPE,13.8207,61.4917,1578.6468,61.3676,109.3208,21.4419,84.716,46.4202,71.9695,86.4207,37.3281,263.3006,60.0347,232.3765,230.4349,470.3767,8.2771,141.0048,80.1293,0.625
TARGET-10-PARARJ,22.9577,54.8856,4556.8958,184.259,32.3558,26.4338,135.9759,51.6825,47.3523,117.59,36.5874,166.4533,91.6691,96.7987,462.9817,727.8935,15.2645,370.446,113.5229,0.509
TARGET-10-PARASZ,15.0874,32.2845,1051.8944,10.5691,25.1911,26.8423,48.5209,16.7445,85.7281,83.2132,145.0492,1.7725,85.6746,49.0951,1.667,0.4044,186.2488,12.3244,85.918,1.5008
TARGET-10-PARAYM,26.656,51.3309,325.1852,3.7284,56.3053,51.0837,66.9835,56.7365,134.3008,253.9492,120.6145,0.1676,129.4542,40.7062,0.0939,37.7653,328.853,1.5866,139.7932,0.0864
TARGET-10-PARBGL,15.4901,86.2811,3687.2668,492.1602,57.3713,18.2124,154.2025,46.9492,100.9737,93.1881,180.2851,372.1486,116.488,237.8985,305.2777,525.9904,26.3514,9.1469,81.3012,8.3587
TARGET-10-PARBRK,2.0163,52.1359,970.9051,130.9502,3.6879,52.2982,33.0245,52.4672,30.47,50.3031,5.4217,118.5049,41.4148,69.5557,121.4026,92.0354,13.9059,7.2383,40.7677,0.4199
TARGET-10-PARBVI,10.544,23.678,241.4196,318.5215,59.8225,16.182,269.95,24.235,121.7027,58.8641,10.3844,178.4665,125.6653,223.5636,124.4943,374.5302,0.4627,993.6791,48.9135,8.4962
TARGET-10-PARDWN,12.2918,115.8983,2054.8401,154.0412,124.5977,19.3064,217.296,28.9904,92.6738,86.1585,38.8099,99.3803,39.9913,264.9211,309.8048,521.0313,24.3709,7.0219,189.784,8.545
TARGET-10-PAREGZ,12.8012,39.416,230.8647,97.1006,40.6346,45.7806,120.0746,19.5209,134.3575,51.093,45.7517,0.6084,121.9372,43.6219,1.1021,82.2609,158.461,2.0288,90.6376,1.9648
TARGET-10-PARFDL,15.5607,43.6491,461.8059,19.5456,23.0707,20.4585,47.4493,25.0958,72.7274,47.6707,63.7072,1.7386,56.2357,14.2798,0.9157,129.6731,143.6026,4.325,131.882,0.0717
TARGET-10-PARFIH,17.968,55.0567,618.2155,21.9878,40.5967,224.3075,68.4679,81.3421,222.6811,50.4368,17.1085,1.3703,90.1627,35.7549,0.8774,116.1538,129.6718,1.0586,115.7339,0.8575
TARGET-10-PARFLV,3.3933,23.1353,458.4402,15.2529,18.9823,39.8841,52.5719,16.7263,214.336,44.1109,3.2507,216.1138,19.9341,175.0689,138.8378,43.6622,16.4281,110.5005,90.4284,20.4671
TARGET-10-PARFPJ,13.6335,19.808,412.8082,4.6528,99.9854,17.3597,30.7253,11.5499,51.2074,87.6999,20.0413,6.6287,49.2161,37.8976,17.4145,13.8092,123.0512,4.1822,189.0624,3.8718
TARGET-10-PARFTR,5.5886,86.7259,1637.695,1.6458,39.0975,16.247,25.701,13.3965,5.9513,53.7279,17.1173,220.2355,27.6664,121.4424,136.1775,35.9019,27.8272,1.407,171.2562,0.8725
TARGET-10-PARFXJ,17.4913,45.028,515.9047,10.2577,182.7685,10.9857,140.2781,21.89,78.7729,99.3633,418.6998,0.4921,151.746,90.4685,0.5974,75.1402,127.2797,3.6596,114.6301,0.5073
TARGET-10-PARGFL,5.2437,57.812,561.7053,30.1555,12.012,42.7468,36.9145,28.9898,59.926,23.7021,20.5464,0.834,64.5953,31.7431,0.4673,3.18,253.3408,0.615,74.828,1.4067
TARGET-10-PARHBI,14.7097,56.5666,709.1187,57.0338,53.8101,8.238,147.3222,13.607,53.9377,112.5248,74.2976,1.0617,99.321,48.5653,8.1894,47.775,157.9336,1.5311,183.4463,0.8025
TARGET-10-PARHBT,6.6217,14.9569,81.7358,0.8891,45.4472,6.0629,17.158,3.0052,20.338,84.8465,18.4074,0.3559,26.8577,32.8477,0.1994,16.8195,59.2594,1.3835,25.6154,1.1006
TARGET-10-PARHES,9.729,23.8049,89.9831,33.6638,55.4581,29.2148,75.7989,10.2778,99.4619,51.7785,12.8925,1.0722,67.4911,28.5136,0.265,12.1055,96.9145,3.7519,43.1914,0.4551
TARGET-10-PARIYD,12.398,39.2544,397.4432,14.5095,40.5289,23.6173,117.6524,12.6022,85.0676,57.039,106.6633,0.4121,97.3488,69.6652,0.7359,71.1475,177.0383,0.6964,84.494,0.7964
TARGET-10-PARIZN,23.6573,30.4945,548.0912,3.3652,50.2883,29.7973,114.2846,26.2807,69.0393,76.2381,169.5093,2.7093,79.8611,54.9844,3.795,132.5402,138.0508,3.4843,155.0874,0.5449
TARGET-10-PARJAY,10.1694,62.9491,644.2027,2.4703,46.063,17.5822,49.6862,9.6744,93.0716,84.5188,73.0317,1.7178,129.255,42.4234,2.5173,92.954,77.6093,0.7146,143.027,2.0431
TARGET-10-PARJLA,7.8851,107.1189,2213.031,208.7239,38.3789,33.7936,493.6679,52.8599,124.4088,103.5606,44.6371,513.1943,46.74,454.4237,607.0575,514.5839,2.8919,1.9741,104.6477,5.0527
TARGET-10-PARJNX,15.2992,37.2952,406.7091,4.2723,63.8463,15.4613,109.8751,14.2455,69.9582,141.3453,74.4864,0.6702,148.9906,79.9471,1.4395,87.2475,114.5776,0.4027,143.8975,0.1535
TARGET-10-PARJPL,2.2718,34.7355,630.2136,0.5092,6.3908,40.5137,17.6565,50.6166,55.6768,27.4554,170.1281,0.1362,75.8652,33.5004,0.2137,0.2421,249.6035,1.1785,52.8732,0.5616
TARGET-10-PARJSR,2.7728,34.5458,297.3696,31.5322,18.8971,93.2609,75.0557,20.8775,27.0725,50.9985,11.1223,62.7091,58.2424,49.8131,51.6001,15.3931,9.1901,3.2533,68.9675,22.3978
TARGET-10-PARJXW,8.9531,26.4976,690.0508,4.4244,12.5333,121.9677,21.2878,51.6773,62.4713,67.519,147.5494,0.6818,48.0594,17.1825,0.191,42.0934,246.3808,3.1341,55.4094,0.3748
TARGET-10-PARJZZ,5.4143,15.849,585.2925,17.6609,13.456,30.569,36.5475,58.8594,31.3832,36.3504,35.2955,223.8816,29.5644,43.642,275.8707,0.6362,69.2288,0.0168,39.9444,1.1419
TARGET-10-PARKLK,8.1942,43.5071,801.7609,9.0625,30.1199,10.2454,15.0145,9.1332,56.203,68.6796,119.5311,0.4878,65.9002,76.1172,0.5591,30.661,103.2933,1.3791,149.682,0.1371
TARGET-10-PARLAF,0.9372,23.8802,2453.8926,6.2928,8.0026,41.668,19.1689,12.1675,87.4651,37.3312,6.3695,54.9656,46.1652,66.8113,106.9396,15.7053,43.006,0.2528,39.7832,0.1514
TARGET-10-PARLJA,23.8537,55.0667,350.3075,40.6219,25.9966,38.1238,40.1733,31.549,180.5483,40.2616,66.3138,2.378,71.4945,31.8034,1.5675,0.7577,229.5394,0.1891,123.0128,0.5046
TARGET-10-PARLST,20.5504,28.0391,810.0712,3.7581,86.6237,16.3053,81.5398,11.5797,34.0348,181.5226,35.2172,3.2887,132.7705,51.1691,5.5069,98.4486,166.8494,8.8925,55.8169,1.0015
TARGET-10-PARMFF,18.0711,31.9563,1175.2572,7.0226,40.9713,21.9428,47.6522,33.2372,44.3449,81.3398,73.3942,2.7791,110.8241,21.1453,2.8962,18.6193,126.7114,1.5029,99.4819,4.6406
TARGET-10-PARMIH,18.8848,28.1527,509.7236,2.4533,131.6281,22.5286,32.2452,22.4433,77.4513,199.1085,39.4455,0.5766,72.1672,35.7366,0.5169,43.4385,163.4931,0.4678,113.3572,0.7133
TARGET-10-PARMKK,2.8223,16.4386,426.5355,1.7636,12.8281,14.5151,25.232,11.8887,41.5528,43.4903,34.4461,1.2507,51.6384,70.3522,3.5585,1.0965,201.4089,0.7398,71.1149,0.282
TARGET-10-PARMMV,9.5414,20.9633,384.4777,4.8333,56.3076,15.6023,27.944,20.6074,26.5751,75.5161,53.4745,1.7386,49.4837,29.909,2.1614,50.7076,210.1411,4.9216,170.2775,1.3441
TARGET-10-PARMRF,7.612,27.2216,155.0985,0.5676,15.987,9.4901,18.8205,7.0999,115.8863,83.344,2.4648,0.8805,30.524,58.8789,0.37,1.0656,37.921,5.7821,13.2133,1.0372
TARGET-10-PARMSP,7.9281,99.7412,8604.466,109.024,12.0702,62.1078,43.2252,3.2569,45.5908,178.842,68.9547,41.5013,11.6693,46.6212,64.1777,28.7469,12.6255,69.9169,201.0538,67.6867
TARGET-10-PARMWH,9.1618,34.0803,346.2257,65.3404,10.4928,343.9651,52.5691,39.0817,66.1666,48.9651,7.2497,0.5563,51.4486,41.6217,0.5578,126.7539,132.0163,5.8585,92.7029,5.5831
TARGET-10-PARNBN,9.4692,43.5248,375.6745,1.9117,32.1222,15.0426,84.2171,8.4047,233.2075,209.6009,3.0737,1.0245,47.9707,160.4654,0.7402,4.2236,62.739,3.645,30.8102,1.3895
TARGET-10-PARNEH,18.4726,148.1792,287.2171,60.3103,77.2758,132.082,79.794,22.8739,40.4359,74.8967,18.0816,3.1186,48.5067,32.7012,4.5002,167.8558,184.5123,0.4773,105.6806,1.4556
TARGET-10-PARNJB,7.8937,28.9005,110.6111,10.4863,13.9404,57.6345,112.1251,36.2335,191.8765,13.2459,34.4598,0.8624,77.8769,80.4711,1.3287,0.0762,126.9854,1.0069,60.8531,1.2525
TARGET-10-PARNMV,15.5331,43.5634,327.2723,33.8077,39.1311,24.4481,35.3071,36.5639,140.0127,129.9354,120.8549,1.2579,99.2218,74.9382,1.2334,0.1747,270.3481,4.3826,64.1356,1.3465
TARGET-10-PARNSP,6.5674,48.1363,698.6178,0.5329,15.3858,75.4823,34.8904,111.5824,188.8519,30.2293,66.3761,0.9704,82.3796,43.4992,0.3222,122.0511,182.5999,0.7289,119.0295,0.4075
TARGET-10-PARNXJ,15.2984,48.0462,438.4548,2.9669,39.2869,34.7014,58.7512,50.9936,95.6355,161.1057,75.1942,0.4502,105.0052,43.0088,0.967,1.2367,384.9701,2.5702,133.6901,0.8766
TARGET-10-PARPET,7.2931,24.202,473.5701,3.3326,35.3328,56.2709,40.3236,68.8504,167.1445,42.8168,110.5739,1.4458,71.2019,37.7521,2.4916,68.3205,242.3004,0.2962,100.627,0.9032
TARGET-10-PARPHB,5.6063,44.6246,541.3626,31.6525,18.8178,4.2792,39.1602,16.9002,93.0737,79.8239,6.6488,0.9727,69.7496,86.2222,1.8839,0.0352,240.335,3.3736,85.7088,0.218
TARGET-10-PARPNM,2.6858,50.6133,418.57,47.1294,24.801,62.7246,15.4434,80.5483,27.332,163.2614,15.036,327.5336,50.8766,48.651,320.0462,13.6804,6.4805,0.2021,53.1029,0.4044
TARGET-10-PARPRW,2.1138,43.7978,349.9054,4.0457,12.1858,38.0623,27.908,86.9566,19.0227,40.2975,6.4116,142.9373,49.6797,224.6978,188.5733,33.3026,81.713,4.1242,69.7369,0.8817
TARGET-10-PARPUL,10.8964,47.262,641.9429,2.9996,20.7054,62.3971,41.4647,95.0073,207.6568,42.6525,161.3606,8.5868,91.3141,19.8055,7.4586,1.9054,312.0205,0.3243,61.6293,3.7085
TARGET-10-PARPYJ,13.4467,32.2229,265.5099,37.2074,27.4236,103.6032,57.5143,45.0364,179.4518,36.9717,60.3968,0.8227,60.8557,28.0969,0.6065,72.9461,167.3435,0.7025,72.9107,0.3124
TARGET-10-PARRKK,12.223,18.5645,185.2987,3.7198,30.0541,12.1887,32.0259,10.9025,53.1182,81.2175,53.2663,0.8584,50.4822,30.7988,0.4142,2.4506,146.8975,3.3528,27.9593,0.2458
TARGET-10-PARSET,13.1105,31.4671,398.058,236.4956,20.0368,80.9569,141.3353,40.5487,90.6737,97.9574,3.9374,0.4049,88.8211,70.0448,0.4632,0.0281,13.4735,49.9111,54.4992,24.9044
TARGET-10-PARSJG,19.3462,44.2303,712.7631,6.3406,30.0556,14.4917,77.1241,14.7537,94.0949,205.9554,15.5825,0.4505,121.2311,96.2907,0.1893,0.3754,162.4651,3.1469,46.7192,0.5418
TARGET-10-PARSLL,17.479,96.8824,594.2668,307.0351,43.6402,65.2226,180.0823,96.3881,89.2858,80.6054,71.137,295.0393,246.7278,192.5568,256.8985,315.4393,25.8183,98.1446,76.3314,2.1277
TARGET-10-PARSNX,8.5975,19.2225,451.307,5.1352,14.0966,47.0766,22.6753,30.3723,73.9357,40.9032,121.4,0.3439,60.8417,22.4557,0.2007,2.0217,195.1373,1.1235,59.9178,2.9832
TARGET-10-PARSZH,3.3275,33.3911,1538.0462,70.1475,6.1341,23.2612,14.5425,78.7419,14.6654,29.1037,14.4484,145.9666,29.0187,49.611,122.2994,69.5677,142.2907,9.5197,23.0352,1.4626
TARGET-10-PARTBP,15.8432,32.073,569.7863,7.5959,60.8635,49.3379,51.0683,42.5339,32.9163,86.9359,8.5872,2.4772,52.0359,43.6636,3.8825,9.0752,113.6111,8.3276,143.1488,1.6562
TARGET-10-PARTJL,11.6727,24.3839,1481.0575,24.8657,36.399,21.3486,26.4126,11.9757,17.6759,33.0487,38.3996,89.9725,44.3201,25.7487,81.0334,26.1149,159.9483,2.9344,87.1245,1.0169
TARGET-10-PARTKL,2.1391,54.9276,440.362,15.039,19.8313,33.6523,4.5301,3.0906,10.7897,88.5181,5.2383,83.829,9.4243,19.8614,49.2419,5.6761,9.3463,0.5792,60.8993,1.5925
TARGET-10-PARTLY,56.8793,50.1467,469.2076,1673.969,39.2083,47.8347,114.8987,41.1251,14.6485,35.8885,19.3734,0.954,78.6735,63.4982,2.1915,1.1129,15.9671,16.8531,106.8536,21.9609
TARGET-10-PARTPW,5.8202,41.9802,431.9673,50.0758,33.0981,22.698,14.1558,20.4595,38.2317,25.8658,78.5042,0.3173,23.7287,51.0496,0.1156,42.5907,111.0879,0.3861,96.9934,0.1635
TARGET-10-PARUAT,10.5118,98.766,1645.342,135.4919,59.8996,15.3513,130.4576,49.0597,97.4104,98.4017,68.4958,426.2063,115.7205,188.5161,528.1986,392.5347,20.5838,0.7609,72.2335,0.9493
TARGET-10-PARUEU,19.3454,49.2737,171.5685,58.599,41.2694,127.9752,100.2878,65.487,176.7966,75.8997,154.2364,2.2034,85.4638,36.5857,1.1237,108.1875,228.3709,3.2081,100.9441,0.7571
TARGET-10-PARUFL,21.0638,82.2871,989.2699,511.6638,38.5162,50.8034,175.6029,58.0802,110.716,120.4928,214.1765,462.6797,186.3251,181.2956,213.4626,413.5418,51.5129,4.8293,69.5975,11.8265
TARGET-10-PARUGP,2.1194,27.6775,203.1887,3.9441,7.4186,68.582,5.1098,25.8656,12.2409,39.6306,14.1515,185.9756,15.9215,119.1966,173.6356,36.8757,17.6759,0.1079,65.0225,0.8775
TARGET-10-PARUKW,4.6834,38.6885,446.3645,15.2268,84.4664,17.8962,75.4403,11.0904,54.107,25.5827,19.6955,0.3772,48.6935,94.7669,0.4227,1.1656,44.5908,7.8405,62.7053,1.9439
TARGET-10-PARUNW,18.7006,58.9082,1665.0595,101.2026,59.085,10.8081,123.181,42.5624,69.4588,81.5967,110.9923,419.8422,189.0434,194.6923,428.083,672.7867,12.8346,422.3963,117.6407,0.7481
TARGET-10-PARVEI,6.155,22.4974,179.3176,1.3532,86.1529,55.6795,42.5393,27.0662,62.7784,55.9534,5.5334,0.9078,45.7113,15.5911,0.4609,18.8478,164.1766,0.9205,87.2696,0.2339
TARGET-10-PARVHY,32.5929,57.2091,840.0627,2.9339,67.104,3.3547,108.312,30.3908,115.256,214.3408,17.4369,0.8105,141.758,54.2273,0.524,0.3637,265.5911,0.59,124.9178,1.4138
TARGET-10-PARVMR,19.2918,40.0913,324.1276,1.4163,42.338,54.2259,67.1317,106.9584,179.9558,137.5568,104.1732,4.98,132.0167,25.9674,4.6368,2.6852,464.6094,1.9803,97.1735,1.0568
TARGET-10-PARVWD,5.8733,117.1904,2403.4987,123.7458,19.8085,18.7513,20.6207,10.5197,22.7314,53.7024,5.8079,202.699,37.1778,53.239,176.1693,90.3081,18.9306,0.78,159.4881,3.4957
TARGET-10-PARWDM,18.209,32.6427,264.8168,2.8415,58.9669,79.1671,112.0058,26.1062,76.3556,136.6236,39.5945,3.2552,80.394,36.2619,1.9568,118.1267,204.379,16.5953,100.4897,0.9087
TARGET-10-PARWID,17.8523,49.2599,416.9899,4.2694,83.1714,36.345,87.5354,25.7994,51.8424,159.9581,13.4371,1.7989,47.3121,108.3903,0.2062,0.8858,205.7792,5.7485,133.4764,0.1686
TARGET-10-PARWLP,12.8481,48.7865,551.617,4.2903,92.8934,3.572,60.8862,15.3854,84.0953,197.9396,6.1373,1.566,69.5064,114.2786,1.8206,0.7395,175.2644,2.6465,102.0012,1.4528
TARGET-10-PARWMF,16.4618,38.1868,526.2373,60.452,27.4526,31.8114,77.0964,32.2535,87.1229,68.8792,53.2415,1.8756,57.2643,35.4998,8.3291,47.4854,127.193,4.2263,96.6486,1.0024
TARGET-10-PARWNW,11.7813,19.1604,557.0628,3.6951,83.9949,31.2199,51.3055,15.2296,94.4143,118.1516,146.6891,0.6449,76.6557,49.3039,0.4817,4.3984,157.275,1.3562,121.2704,0.7385
TARGET-10-PARWRJ,8.3286,70.1481,1646.4433,49.8469,167.6737,13.4282,101.9158,22.938,67.7445,69.1984,34.4836,382.8508,105.5134,195.727,510.6301,300.2712,8.4655,8.1282,114.6995,0.2671
TARGET-10-PARXCD,3.8473,62.7874,943.2458,109.1649,280.0431,13.5628,89.1629,13.3617,34.5239,46.6681,42.531,230.4181,53.645,181.0982,192.0705,123.939,11.3316,0.8153,131.2819,21.4167
TARGET-10-PARXLS,14.5306,32.4043,591.4399,42.3642,38.2046,52.4938,48.5316,36.6784,42.1438,46.2079,49.8527,1.0645,43.9301,21.9282,1.3655,100.2521,93.4345,0.606,109.374,0.0577
TARGET-10-PARXMC,7.4536,28.5125,1230.4697,43.8912,58.3645,36.8529,63.6405,7.8806,36.0011,63.9855,11.427,109.9453,77.182,64.4982,64.3632,114.1824,13.8525,0.2577,100.8106,0.1607
TARGET-10-PARXVS,19.5376,56.8453,525.0437,36.3426,55.9238,21.9516,66.1098,30.7291,121.2821,161.3944,75.7412,0.6256,134.0637,61.1058,0.8105,1.3683,280.9886,5.1802,136.1724,0.4836
TARGET-10-PARYAJ,9.986,66.8124,1741.2053,40.8859,35.2479,21.6184,38.5304,107.8556,68.2458,44.6501,25.6043,547.7297,156.7224,364.5008,402.1298,412.0578,28.0048,7.4535,110.1457,0.3788
TARGET-10-PARZYX,8.588,87.7309,1266.3726,412.5684,56.2018,24.8182,370.6684,54.6178,71.7363,125.7852,35.8801,359.1597,64.1934,364.3314,453.094,558.6428,1.193,0.2909,79.795,17.8506
TARGET-10-PASDYM,4.0638,97.4271,1593.4055,101.5068,31.687,7.6896,236.1219,21.389,34.3283,43.1269,34.0067,125.8773,51.8521,204.247,196.8224,259.3878,0.9297,2.17,75.0907,6.8289
TARGET-10-PASEVJ,11.8475,25.9503,383.5737,131.7572,29.7504,7.1587,109.4087,14.2359,57.3458,59.5489,9.0174,161.2013,34.919,78.4213,72.2532,279.0197,21.8246,369.5181,74.2471,4.168
TARGET-10-PASFHR,22.3734,54.2907,469.1058,15.9324,45.4833,4.0981,63.7062,27.3502,87.5173,133.2669,42.9505,1.0829,133.9693,64.8699,0.8387,0.2477,200.2612,5.1673,112.3932,1.3132
TARGET-10-PASFKA,8.5083,33.4,914.101,4.4378,45.8877,10.2123,36.5052,12.7409,41.2257,66.4304,77.6234,0.9388,76.2817,22.0674,1.5078,20.0262,167.095,2.2,115.3114,1.2257
TARGET-10-PASFLK,18.6416,48.3333,1299.9672,160.5454,67.1612,10.2278,129.8897,17.5735,53.1926,42.1863,37.8428,13.0277,37.7586,110.7508,0.2959,6.4875,206.2626,20.7076,94.7762,0
TARGET-10-PASGFH,4.2643,34.137,222.8834,64.3994,31.8631,22.8899,28.606,10.7497,20.8652,61.9055,32.5423,1.1311,34.2883,71.2212,1.3309,0.0377,131.75,6.79,44.7806,3.5911
TARGET-10-PASHDV,12.688,52.1232,364.0131,0.613,22.1299,119.9772,53.2708,85.982,194.2447,47.7366,148.5347,0.4475,69.3936,80.8497,0.4545,268.5866,326.7514,0.9832,55.3323,1.1532
TARGET-10-PASHNK,8.0358,59.0136,409.8689,9.2843,26.4811,140.5047,60.3198,62.0623,176.2659,52.9662,37.404,0.6584,60.4203,35.5574,0.6686,38.314,233.8428,0.4451,56.8453,0.3817
TARGET-10-PASHUI,11.5971,37.4956,1457.3943,270.7593,20.9078,26.5721,34.2473,39.729,39.571,60.1293,95.9327,585.5982,75.44,37.8517,119.0972,359.3979,24.9079,9.9839,50.5263,0.3413
TARGET-10-PASHUP,2.4343,40.7012,608.9209,1.987,21.2485,72.6628,28.8576,86.5175,140.9135,80.3928,73.5471,0.4352,75.4745,44.6221,0.5994,5.2077,418.9841,4.3635,57.9383,0.3738
TARGET-10-PASHXL,3.9604,45.1472,417.0312,2.8182,30.8771,84.686,52.02,92.5458,152.3173,73.1349,64.6098,1.0143,60.5489,49.6281,0.4605,30.0482,275.2747,11.2541,68.8415,0.685
TARGET-10-PASIIY,16.4238,39.5487,203.7676,79.6868,23.8197,141.1383,66.5489,76.1747,129.1556,36.8245,59.3355,1.219,67.8536,37.0334,0.5692,77.038,273.4975,3.2352,65.7541,1.2565
TARGET-10-PASILP,14.4711,81.9061,1156.673,296.1693,21.2181,54.8455,102.0344,34.1248,68.2456,73.0698,152.5755,513.8967,209.023,160.4926,273.6196,300.8711,40.8247,3.4095,41.0694,7.702
TARGET-10-PASILW,5.5346,37.5331,591.1775,0.9633,14.0612,45.2271,24.8102,92.938,91.4753,47.0035,33.5569,0.4856,71.3676,30.1103,0.6803,2.2102,253.1559,2.1718,49.0588,2.6184
TARGET-10-PASINX,17.0102,34.6797,454.5391,2.3796,54.2637,37.3199,71.6836,33.2714,122.0707,142.0477,74.2483,1.8834,135.1382,52.7807,1.1397,1.1509,289.0265,12.1206,91.9307,1.4754
TARGET-10-PASIZE,13.4988,57.8334,1391.0645,52.3604,36.3492,17.2199,167.2636,57.4782,68.7281,75.3896,81.4536,366.055,146.4817,337.7498,215.4685,1173.8134,23.6536,345.9784,75.5753,1.3311
TARGET-10-PASJJR,14.8153,30.3919,556.2861,249.4481,27.0956,107.0487,70.7981,25.8878,24.8236,59.5195,10.7614,0.6333,89.0762,76.0678,1.1737,52.0312,234.9944,0.7245,72.0391,3.2641
TARGET-10-PASJLN,12.8267,35.9264,320.0561,6.3121,21.9016,77.7883,36.2636,64.8695,75.0235,21.8487,43.8122,2,56.4028,31.8496,3.1867,5.1041,297.952,3.4364,48.9607,0.4295
TARGET-10-PASJMK,0.5368,5.8144,16.2233,1.0035,0.7247,35.0137,10.6413,1.2269,16.9267,6.4898,0.7606,0.0534,2.4043,7.5441,0.0498,2.3869,4.7536,0.0481,1.9516,0.1467
TARGET-10-PASJYI,34.8493,27.0718,334.3576,503.0323,39.8119,119.4564,217.6916,41.4192,48.9646,162.7362,209.9919,1.2108,93.6171,92.8568,3.5885,0.0354,9.7025,12.1485,45.2215,20.3633
TARGET-10-PASKAD,11.7968,53.4873,562.8486,3.2348,30.7566,74.1151,47.7065,67.3577,212.7669,122.4021,92.4143,1.3235,112.226,45.1119,1.0351,2.512,358.9047,0.0746,70.8116,2.2168
TARGET-10-PASKAY,7.2396,49.4574,4467.9096,18.4743,19.2198,44.7745,24.6314,93.4159,22.096,167.4529,139.0092,223.4552,52.9355,104.3525,480.7657,59.1139,85.3253,0.4061,78.347,2.9273
TARGET-10-PASKCL,14.2659,24.0996,447.9945,11.1385,106.5049,42.6424,71.1588,20.9639,59.6105,64.9607,85.5219,0.6776,64.409,22.9867,0.3797,168.2463,174.1507,2.1987,135.5567,0.1397
TARGET-10-PASKGG,8.857,27.7176,306.76,12.0565,54.8131,11.7374,48.6137,8.694,144.0717,125.2699,7.5097,0.7125,44.442,75.324,1.7632,0.8411,90.8166,3.4518,45.297,3.8557
TARGET-10-PASKIC,2.7186,42.2903,428.056,2.9003,18.617,26.781,24.0301,17.5154,69.0973,49.6319,16.9508,0.2903,42.6307,84.921,0.5387,18.5444,195.689,2.6,72.8794,0.2992
TARGET-10-PASKSY,13.2847,16.1627,875.3097,10.3366,9.5703,25.7191,26.577,29.05,58.9062,20.7027,19.1513,1.1801,47.6292,47.0735,0.632,0.3085,118.738,4.5986,24.1126,3.8637
TARGET-10-PASKTG,3.0408,10.0356,128.8137,2.9234,10.3813,12.2796,14.7241,8.2828,35.9272,30.6727,7.7497,0.8398,18.4729,19.251,0.3859,5.1508,55.2778,1.9075,31.4993,0.6579
TARGET-10-PASKXN,4.3616,19.6839,60.3495,24.8589,31.7647,18.3062,73.794,5.5845,57.3549,38.3396,6.0341,0.6514,11.7057,18.315,0.3467,15.8321,33.8578,0.1321,21.1944,0.1007
TARGET-10-PASLAB,3.9088,13.2713,170.0129,0.8529,23.882,16.3384,9.7282,16.8911,24.3103,30.7346,7.1212,0.2268,18.6342,13.3538,0.1377,0.2415,101.4992,1.8399,65.456,0.2338
TARGET-10-PASLBB,16.4768,285.0813,29.3975,45.4965,52.1378,85.953,154.4118,30.9737,262.1447,70.8683,112.2396,1.7868,119.3317,74.0445,4.8054,62.5598,321.9407,0.6039,82.8294,0.4604
TARGET-10-PASMGZ,10.398,99.2176,858.7656,39.7435,51.0695,27.1356,143.962,81.0449,99.775,84.7861,86.8148,332.2098,93.4052,183.9415,287.7066,384.0479,7.2971,4.4957,72.9031,3.5485
TARGET-10-PASMHF,8.1784,31.5581,723.374,1.3465,23.2441,3.5212,31.6959,31.5329,61.7912,84.7114,6.8217,0.7372,66.5702,37.454,0.3901,0.2958,224.2332,2.7686,42.7185,1.2243
TARGET-10-PASMIC,14.4946,54.9971,427.88,18.2885,38.6595,10.6889,83.8689,17.8571,90.6803,156.7391,107.6608,0.7258,108.4393,79.1037,0.61,11.839,286.9857,7.6714,116.8622,0.6801
TARGET-10-PASMNV,4.8277,47.7007,461.8098,2.2378,20.8528,41.2483,12.2027,58.6609,123.5509,51.3625,87.7748,0.1771,61.8717,38.9065,0.2282,0.8757,226.8671,0.2873,87.6362,0.5842
TARGET-10-PASNEH,6.8606,75.7013,538.9288,12.8269,42.3163,71.5493,65.3686,66.7265,270.2008,180.873,87.7564,2.0768,112.0903,96.5677,2.8955,35.6308,431.1577,13.2553,129.6932,0.9459
TARGET-10-PASNJI,9.3871,71.6801,2079.8307,93.3088,44.741,23.4281,186.5964,62.0127,112.393,122.5924,51.1425,324.3001,28.2807,219.4584,210.0126,241.9676,7.7843,3.2243,80.2876,32.4984
TARGET-10-PASNTZ,11.6964,87.4151,558.9781,46.0704,30.5318,60.0526,190.069,92.5643,237.8594,85.9211,53.6579,0.2903,100.1967,152.5889,0.4609,0.5242,370.2028,9.0279,75.4192,3.5412
TARGET-10-PASPBU,2.1526,44.8265,1178.5247,2.2326,21.6716,52.8819,20.1966,42.2406,85.083,65.8304,105.8744,0.2062,41.5898,57.7719,0.1502,27.2796,216.4622,2.6757,57.2622,0.8925
TARGET-10-PASPDS,7.4547,23.7323,740.5787,1.617,60.7048,45.5731,14.9222,48.2503,68.0399,79.3621,81.0985,0.6404,57.7798,25.9999,0.5682,6.9527,298.0664,2.1647,67.2436,1.3753
TARGET-10-PASPPN,22.2496,47.9352,246.7582,58.6856,42.358,83.853,100.797,37.2251,132.4325,82.6659,176.0645,0.7292,98.9526,28.1002,0.55,107.3817,231.4865,3.0335,68.4481,0.3469
TARGET-10-PASRCV,11.9514,21.0751,594.233,3.4851,45.7868,81.5027,75.3232,58.2657,306.0561,52.7269,251.5861,0.7172,144.7902,40.44,1.4837,93.3525,433.9811,4.5498,102.6378,0.3412
TARGET-10-PASREU,10.2209,24.103,1129.2967,18.6258,77.972,13.3442,122.7411,24.7209,41.9247,70.7485,47.3041,512.2775,147.8203,369.3025,283.6875,335.448,5.6904,759.8981,43.4068,2.0385
TARGET-10-PASRMM,7.2164,38.1559,349.2203,2.7994,66.5295,77.3603,116.5229,72.8338,109.4504,74.8419,45.6227,0.7831,54.5267,53.6826,0.359,130.9648,155.5456,0.1925,114.799,0.1468
TARGET-10-PASSEF,4.3781,31.1589,549.8143,2.6972,41.3948,37.9756,16.8753,71.9281,78.9745,91.7951,78.6302,1.2397,46.2981,31.6393,1.1432,29.2989,346.143,0.4889,132.3099,0.9584
TARGET-10-PASSHC,5.5759,21.8788,338.6421,3.9538,32.8826,52.5287,17.9343,45.449,59.3044,25.2328,1.9312,0.3907,22.8733,25.8291,0.2079,53.0741,149.3269,8.3452,156.598,0.4027
TARGET-10-PASSPP,8.0221,39.9471,956.0354,5.9948,34.1373,58.1365,71.3635,65.2052,324.649,110.2299,122.6822,0.465,138.8293,186.7209,0.2605,108.4907,515.7093,3.1432,86.0018,0.7455
TARGET-10-PASSRP,4.6531,56.6653,896.0324,11.4479,28.4948,25.3561,27.9575,23.5003,69.6405,97.5809,18.523,2.2257,67.3983,95.2212,3.0916,0.7341,337.8281,4.0121,90.6915,0.7169
TARGET-10-PASSSR,3.8966,29.0478,538.4246,1.6059,50.6715,46.4253,29.9597,88.733,119.0915,88.6059,27.7362,0.4529,52.3582,49.7415,1.0627,1.6827,453.6089,3.215,66.5629,0.2334
TARGET-10-PASSZA,8.7606,58.7886,491.3296,3.4432,27.8943,84.7973,29.4781,104.3728,223.0504,99.2477,82.0786,0.385,87.2991,45.7666,0.4583,0.0936,484.8476,0.3904,110.4618,1.0416
TARGET-10-PASTDU,9.3444,46.3593,157.8147,7.007,106.1616,4.2231,111.6505,7.4447,65.9748,59.0228,4.7717,1.0093,136.1664,80.8025,0.3698,1.5528,104.1959,1.1547,110.9593,0.1601
TARGET-10-PASTHE,9.2873,83.1027,582.7175,2.7049,45.3837,66.2261,133.0577,27.8325,165.1204,89.0125,26.2688,1.8583,81.5099,167.6849,1.4274,87.9473,161.3139,4.4574,96.3663,0.9268
TARGET-10-PASTLP,14.8215,66.3117,1137.8167,245.8295,34.4149,49.0423,102.5306,10.6296,101.4817,136.8483,49.696,0.7884,236.1129,144.3681,4.638,60.777,245.4748,3.0038,100.2034,0.0739
TARGET-10-PASTPT,22.846,48.9891,605.6262,6.065,59.0811,33.5165,17.8747,16.1602,143.6113,68.9508,80.6187,0.8553,162.9551,62.0022,0.9071,22.2987,89.5052,0.4956,137.556,3.0227
TARGET-10-PASTSR,4.9657,142.2963,1614.1547,270.0666,185.9648,13.2187,389.0453,28.2696,55.5728,93.6237,65.7681,182.8967,44.9936,377.1351,500.5293,211.2556,1.6594,1.4834,105.8011,8.086
TARGET-10-PASTXU,4.8639,27.7127,497.9727,1.9424,43.1921,45.768,36.6228,54.2758,95.0071,88.1435,66.7769,0.4947,49.3628,40.5859,0.315,65.9965,311.6178,0.0608,96.3541,0.3709
TARGET-10-PASTYT,14.0317,83.7846,1925.1376,71.0919,59.7932,48.5389,150.0175,77.7515,96.0563,94.0145,96.1815,478.2263,98.8303,277.555,313.7603,790.0628,34.3209,4.2999,125.0817,1.5948
TARGET-10-PASUBW,0.6825,46.2592,851.7371,0.9747,10.5532,72.4468,1.6506,29.0424,1.6099,42.545,9.4152,54.1146,16.6812,84.8201,133.4643,0.1496,2.5156,0.3578,30.8311,1.091
TARGET-10-PASUGC,12.6159,42.783,672.0265,13.7456,40.6485,48.8484,80.6038,20.8413,72.534,77.421,55.2156,2.7171,91.4403,41.6029,1.5224,188.3685,145.3173,4.3922,110.8814,0.1827
TARGET-10-PASUIN,6.3718,31.9721,555.8942,0.5255,28.257,124.4111,57.9213,138.6381,80.2301,80.0825,60.3863,0.7699,64.0277,40.9193,0.0381,138.7652,238.4523,0.6735,67.3047,0.4201
TARGET-10-PASUSV,5.2753,38.374,915.7195,3.5242,54.2625,59.9795,34.6868,84.4226,156.3311,131.884,103.9729,1.8023,114.6853,37.5619,0.6227,58.6072,374.1131,2.2743,131.544,0.805
TARGET-10-PASVIN,10.8016,77.9632,1523.1952,3.6081,56.6618,33.2898,75.6133,51.9402,41.5332,118.2481,79.5749,1.3778,136.1588,42.4589,1.375,0.5262,288.0798,1.3971,263.3633,0.2663
TARGET-10-PASVPZ,14.4219,39.3731,426.5063,23.5425,141.0074,22.3197,48.7179,7.2038,50.5833,133.2505,63.0788,0.2736,110.8609,60.6996,0.5939,66.1091,132.812,5.0856,110.7098,0.423
TARGET-10-PASWFN,35.6418,28.9533,275.3477,55.6141,128.7926,15.5391,124.2578,15.4521,54.9742,108.9914,117.1972,3.1931,54.9005,45.338,2.903,0.2175,134.3686,10.9962,215.8103,9.6876
TARGET-10-PASWNU,5.5975,46.3585,665.3044,15.1594,28.3705,39.6562,54.4791,38.645,25.1085,42.6973,35.415,0.7784,42.2923,48.6529,0.3443,63.9895,164.9863,0.4985,111.7691,0.1267
TARGET-10-PASWSR,7.2098,53.3094,797.6695,4.3095,43.9563,37.4366,38.7658,23.6702,80.6511,75.6376,105.2351,1.7897,66.822,52.8906,2.212,73.5605,266.2237,0.4982,154.893,1.3565
TARGET-10-PASWXB,23.0531,28.6597,439.1854,6.7088,60.1435,16.244,71.0754,17.0695,157.4049,51.7578,115.3316,1.5962,79.7972,70.5055,1.3594,5.4624,146.7145,1.8991,100.3087,1.6453
TARGET-10-PASWXZ,3.6305,51.6442,715.152,2.0155,14.9403,48.8248,24.2316,53.4245,167.7152,30.2153,225.5933,1.1725,86.1393,47.7829,0.2737,137.1321,192.0664,1.004,57.3318,0.6043
TARGET-10-PASWZJ,9.39,52.1767,363.8581,1.1926,27.8986,45.0327,144.9586,15.7813,121.6021,117.3727,6.6885,0.7074,86.6691,183.1754,1.2805,134.8985,65.3994,5.1498,92.4017,0.3365
TARGET-10-PASXFY,5.8193,118.1727,2105.3058,87.5356,42.2356,12.8107,169.3181,32.9033,178.1296,56.9132,34.6578,247.1547,95.4835,300.1196,232.5879,507.9811,22.5628,9.4679,54.6903,1.0312
TARGET-10-PASXIL,5.562,23.1017,378.2547,34.2742,17.8148,56.3595,27.9823,48.696,62.8445,31.7934,24.8075,0.327,32.9022,21.6729,0.3359,54.1995,186.7936,0.6632,46.4795,0.3652
TARGET-10-PASXLT,16.4173,50.0034,309.247,95.4847,32.6844,76.3355,69.7494,47.952,159.8867,49.3259,49.5168,4.3896,74.4915,34.5071,5.7692,48.252,209.0519,2.0203,111.507,5.054
TARGET-10-PASXLZ,15.4595,46.8204,672.7509,6.0945,22.0826,81.5598,37.9655,81.5256,215.2796,59.4048,18.4337,2.1906,46.5889,28.1343,3.8437,12.7142,161.7632,5.8455,64.8448,1.9015
TARGET-10-PASXMF,16.0325,32.4571,362.1186,1.9078,51.1719,69.7045,50.2989,36.1121,83.9475,114.1946,94.9791,0.7399,80.0241,27.4285,1.7964,0.7535,322.7678,2.084,180.8522,0.3178
TARGET-10-PASXSI,7.0563,23.7313,825.1778,12.5226,48.3695,29.7461,40.0745,39.1733,67.0284,158.3408,165.8028,0.9606,67.5118,31.9283,1.1064,28.3138,343.5234,3.1026,88.8054,0.22
TARGET-10-PASXUC,3.8262,28.9293,697.6088,4.1573,76.3317,40.3708,88.1478,30.0575,61.3378,178.4735,56.8369,1.1085,173.0032,83.5501,1.1433,35.8553,171.6063,0.4768,96.2986,0.7271
TARGET-10-PASXUU,5.2255,47.9432,548.2409,8.7053,45.7763,38.6642,73.9616,35.1664,133.4512,206.3787,33.2513,0.4242,78.2982,119.105,0.8715,5.8525,417.9681,5.8311,142.497,0.5102
TARGET-10-PASXZH,14.8334,52.1168,1255.4331,140.2866,76.6206,16.8758,196.2037,61.413,83.9634,94.3591,43.5273,426.8565,55.9119,425.4536,289.8496,1130.6358,10.816,9.0645,65.4657,12.1322
TARGET-10-PASYAJ,14.9086,37.0856,359.0117,4.5187,36.7785,30.5565,49.6307,41.2566,115.8106,171.8996,47.5683,0.6556,78.7872,57.987,0.8335,3.0537,300.2544,8.0454,70.5396,3.8986
TARGET-10-PASYCN,10.9152,80.906,419.5529,5.6385,38.171,3.0477,30.4105,19.002,21.2212,81.3473,6.147,0.2792,87.1473,44.719,0.3997,0.0517,75.2138,3.9,62.3392,4.3161
TARGET-10-PASYHN,6.2523,30.3701,591.6605,14.1495,20.4048,26.1629,25.8478,41.8815,61.9825,55.9018,27.8413,0.1389,35.5454,41.2672,0.2141,0.1254,277.7305,2.113,46.6645,0.2864
TARGET-10-PASYIS,9.7175,27.7971,311.4592,101.5954,24.9653,36.7877,83.7181,21.7707,118.4337,43.6697,14.8139,0.1327,67.6942,35.8076,0.1239,83.5854,164.0365,0.6578,53.401,0.0456
TARGET-10-PASYSJ,6.6707,30.542,1940.6438,2.4059,13.0026,34.964,30.0956,67.5159,79.9279,48.3618,46.2052,3.1102,86.8656,62.6843,4.3382,1.6915,339.4757,1.682,81.0579,2.2272
TARGET-10-PASZEW,11.0135,76.9131,1058.9717,30.0887,27.0871,160.018,43.3077,43.9811,163.3061,53.6522,57.1249,3.5077,37.3505,43.2649,3.8637,41.9732,257.256,0.2695,114.7948,0.6985
TARGET-10-PASZIY,13.8059,156.8928,846.0266,1.7397,38.3742,22.3513,90.246,19.4625,106.008,88.8265,30.3049,3.4698,180.8804,144.6228,6.2239,0.1606,217.7366,0.0652,150.5883,1.7883
TARGET-10-PATAAH,7.9254,115.7745,1701.5894,67.2988,78.677,27.9402,134.8064,76.7706,45.6326,65.7449,80.0341,421.0526,74.9527,224.5258,517.4202,261.0133,4.6427,3.1127,141.365,3.3771
TARGET-10-PATALJ,22.5438,97.9337,357.9199,16.8216,43.3906,4.5709,119.327,68.1358,164.2306,172.6026,22.5546,2.296,181.5495,118.2322,4.2552,0.417,445.106,13.551,207.6666,4.9608
TARGET-10-PATAXS,24.3094,32.7826,414.518,3.295,27.9153,49.1789,15.8306,36.8611,114.0211,7.882,124.4308,10.0069,73.7862,15.3664,13.6943,2.2197,125.504,0.584,71.7431,1.6325
TARGET-10-PATAYT,7.1856,52.9911,505.3641,7.482,23.6692,47.8136,74.9922,17.907,114.5154,45.2604,121.0518,1.6401,51.3039,57.852,1.1133,25.8619,172.6802,1.5351,140.6975,0.6502
TARGET-10-PATBDJ,2.2054,32.5114,533.7021,1.3688,18.1649,57.462,33.3328,22.4314,58.3673,77.7658,40.8732,0.1685,47.047,51.0605,0.2927,0.1311,262.353,2.2329,53.6826,4.03
TARGET-10-PATBDK,3.4833,30.1576,544.465,1.0796,12.1737,49.4107,10.0564,141.8797,59.6966,57.5137,14.1862,1.4494,86.8491,38.7994,2.0212,0.1074,391.9731,4.0933,57.7869,0.9628
TARGET-10-PATBGC,36.8497,57.1595,105.9158,22.2026,42.0347,73.8251,99.5139,34.5412,113.9646,67.5621,4.0293,20.5282,114.1313,54.134,4.2476,0.312,165.8993,3.8805,89.2487,0.2573
TARGET-10-PATBNT,6.7345,17.8984,375.1017,4.9454,67.0447,37.7379,28.7274,13.4269,65.8514,51.199,45.1173,0.6165,69.5824,74.1232,0.2687,77.399,139.4407,0.8335,184.8729,0.2118
TARGET-10-PATBRV,7.551,42.9594,341.1535,1.2294,22.943,57.6831,64.6839,102.3885,85.5894,59.5119,66.8711,0.2725,88.2117,48.5931,0.7728,44.4701,239.6115,5.3871,79.0424,0.3861
TARGET-10-PATBTX,8.8774,47.9311,645.1336,4.3688,34.4049,28.9047,28.0035,20.2049,61.1615,79.7513,30.7707,1.9364,82.7021,76.4494,3.2795,0.9902,186.3651,2.499,149.2427,7.0765
TARGET-10-PATBYK,30.4523,53.3894,372.6685,7.1479,58.7813,37.8507,143.0845,40.5495,185.3525,86.2695,22.1754,1.4645,80.1737,26.5156,1.5239,57.2221,146.1159,2.8286,158.9196,0.7907
TARGET-10-PATCDM,12.6781,42.7072,799.0789,8.8813,75.8042,8.5183,42.9389,10.939,50.7554,153.2697,15.3101,0.9185,129.0879,81.2459,1.1395,1.4032,177.4128,7.6282,96.6874,0.0676
TARGET-10-PATCDZ,8.4666,48.7579,837.3343,52.5031,17.2019,84.1638,46.9921,73.3237,119.458,36.7647,74.5433,1.0425,80.6903,37.0084,2.0951,82.008,220.0412,1.0417,77.3296,0.1869
TARGET-10-PATCJJ,13.0179,98.0494,390.2614,226.4104,51.8095,125.7581,125.6878,101.0954,61.2573,70.8862,135.9898,379.5972,116.1778,167.0075,491.7725,124.3453,1.3841,6.0833,64.585,15.4465
TARGET-10-PATCKV,15.3356,54.8893,194.286,50.4849,12.3804,41.9633,66.1616,29.8023,140.6545,44.0591,55.898,1.2275,32.2893,80.9975,1.5131,0.0341,74.385,1.7426,73.6788,7.908
TARGET-10-PATCNI,5.8603,19.4183,551.3224,1.517,28.9419,50.5242,41.1407,59.5183,194.2626,29.5213,97.6954,1.5403,95.9204,45.4008,1.1507,20.6557,234.859,2.2561,71.4893,0.3969
TARGET-10-PATCTI,8.4501,43.3676,1245.6942,11.8526,53.8655,52.6696,20.9093,30.3289,15.8039,59.4656,28.852,352.3013,23.8821,91.6412,155.2815,38.6424,21.9799,0.2333,118.1567,2.2529
TARGET-10-PATCUK,8.5179,24.9033,306.2569,2.9547,29.705,48.5516,18.9167,54.9472,97.1101,64.7238,111.78,2.3342,58.7306,24.1908,1.6289,54.1332,253.8839,0.6312,98.949,2.4935
TARGET-10-PATCZN,8.7355,24.3076,345.7328,0.7827,24.8867,16.1481,16.7248,53.3339,91.4814,74.6158,59.3982,2.5182,53.3081,28.1048,2.4439,0.7245,299.5153,1.3375,48.0173,0.8807
TARGET-10-PATDBU,6.6911,35.6268,522.5261,9.2553,39.6533,15.9572,33.617,29.278,46.5214,133.198,37.2831,0.3036,46.534,82.6519,0.2066,7.0604,246.3178,1.1729,105.9697,0.1341
TARGET-10-PATDDZ,4.7035,40.3245,274.8584,1.6163,15.6962,29.5238,27.04,55.109,127.8717,47.8018,104.3664,0.2925,37.1155,37.1065,0.3161,30.3183,237.677,0.791,63.4755,0.4307
TARGET-10-PATDFE,4.524,39.5129,170.825,4.5151,6.1016,47.5683,50.5121,45.5467,159.1113,55.6198,67.6564,3.0794,40.7629,51.5255,3.2816,18.2476,321.265,3.1021,33.117,2.8629
TARGET-10-PATDGZ,4.8897,48.9908,614.0241,0.5453,15.1747,216.007,61.4034,97.7333,145.0841,35.1678,43.3241,2.284,40.7026,61.1472,2.512,91.2504,247.092,0.5147,49.9877,1.7003
TARGET-10-PATDKT,22.5048,39.9208,549.7861,29.5793,44.7645,86.1986,77.0406,51.2092,76.8628,61.3162,154.4707,1.2402,82.4251,46.5447,0.0914,82.8009,211.4528,0.706,51.2925,0
TARGET-10-PATDLG,14.5698,32.4706,481.0832,9.1139,53.5957,78.0951,66.2617,54.6964,32.659,43.4711,4.8223,0.7294,30.4521,22.4996,0.8173,22.4875,165.1795,15.7014,129.0663,0.5783
TARGET-10-PATDMN,9.7434,46.6363,94.4715,48.875,13.3355,80.7877,39.1562,50.9568,180.8405,28.9862,88.1721,4.8331,45.5841,38.8856,4.9444,57.2948,169.2962,7.1177,38.1095,0.3114
TARGET-10-PATEAK,5.0342,31.4414,255.4543,1.2025,15.4897,28.7813,31.0176,60.0751,79.3791,58.529,47.5204,0.8954,53.2687,35.5657,0.5853,11.1093,298.8724,4.6406,38.2436,1.5767
TARGET-10-PATEFF,4.8359,33.9041,700.7132,1.8573,17.7598,55.2214,17.7248,49.9072,94.3036,54.2332,2.7346,1.3225,36.6639,36.5795,1.31,1.9548,173.6351,4.7894,55.4705,1.5092
TARGET-10-PATEIT,4.002,43.6847,388.9318,3.8797,11.9819,95.9934,17.9036,53.762,93.6224,55.7589,4.6499,0.6318,54.4389,50.4107,0.5962,0.9329,203.1056,4.6754,22.2561,0.4113
TARGET-10-PATEMI,8.7485,47.4399,477.6359,67.4044,10.481,17.4906,57.0466,47.5528,232.5867,48.2135,2.755,0.6363,29.6699,68.6425,0.2971,0.2946,19.4961,7.9335,27.3843,35.0885
TARGET-10-PATENL,6.3336,43.4348,455.9348,4.0143,12.392,27.5801,38.567,48.9126,127.2494,64.0695,70.9656,0.8537,51.1512,45.7385,0.9708,3.3758,273.1285,0.9506,62.6827,2.2776
TARGET-10-PATEVE,11.0437,39.3454,633.6851,41.4657,88.6291,21.0615,54.8751,20.2339,18.5304,62.9617,31.0956,100.0614,24.1704,323.1136,159.4888,40.3416,5.9591,1.3008,56.6173,1.6529
TARGET-10-PATEVL,19.9622,80.9153,411.6107,8.6483,20.2226,63.4457,140.603,33.4128,133.4221,114.8341,17.9546,8.4019,147.01,66.0022,5.8655,58.0245,120.2402,0.8245,34.9375,0.9079
TARGET-10-PATEYS,6.6737,56.0027,681.9556,4.3925,19.368,21.4486,34.55,43.0705,145.145,105.1966,7.5023,2.0821,94.6636,90.7673,2.585,0.1052,265.4188,4.6063,58.9455,0.878
TARGET-10-PATFJD,7.3229,45.4295,247.465,15.2084,87.8482,82.2777,77.9684,21.0451,94.6627,115.818,17.1448,2.4709,67.7794,41.1693,0.4689,63.5842,151.8084,2.4785,68.6611,3.9435
TARGET-10-PATFJP,10.7518,30.9247,1233.449,1.4319,34.5096,22.3734,19.9738,61.6386,49.0084,75.8479,27.5606,0.9255,74.2953,33.8842,0.7433,1.7138,284.2417,13.347,86.9539,0.954
TARGET-10-PATFRM,15.5169,41.5443,821.5477,175.2398,7.3578,100.9145,113.026,62.5224,118.5665,52.3678,13.3471,4.1806,64.1901,53.0058,1.156,1.2517,91.475,5.7255,27.8268,61.0001
TARGET-10-PATFVG,25.9034,41.813,976.0713,6.756,81.767,81.0194,60.0185,41.1995,34.2909,74.5818,101.8934,1.944,108.184,21.0039,1.0655,9.0385,196.0888,3.0853,88.2608,0.9583
TARGET-10-PATFWF,8.136,28.5075,392.8869,27.094,4.7261,61.8985,33.7459,42.1571,188.6016,23.8008,48.9497,0.573,47.7843,78.5164,0.6704,0.1404,130.7032,12.3949,31.2911,6.74
TARGET-10-PATFYZ,12.3626,40.3721,279.1918,3.9713,6.742,60.2987,15.3696,47.4783,66.607,22.0682,85.173,2.582,54.2561,17.8187,1.3832,31.0281,133.7312,3.2459,46.6578,2.3346
TARGET-10-PATGBY,8.684,44.04,450.2607,14.801,12.9134,89.9425,48.1915,64.9956,97.2016,20.5225,98.2385,1.503,45.8464,22.9858,1.1467,34.713,166.6645,0.3891,59.1183,0.1648
TARGET-10-PATGKE,12.7278,40.6982,503.1994,5.1967,22.9837,83.1961,25.1489,72.9682,122.1733,87.0825,133.6938,1.0311,114.2206,34.3879,0.8666,1.7836,343.8452,1.8377,79.647,4.6379
TARGET-10-PATGLV,31.7717,43.3234,143.6348,171.4122,54.4111,61.5775,113.0476,24.3052,149.4833,75.2198,78.5429,1.5811,85.8144,43.1845,1.3892,31.9996,65.2159,3.9837,71.7081,1.7038
TARGET-10-PATGMP,29.0715,30.7196,460.2422,6.7859,70.1503,22.8314,42.3428,44.9233,68.1981,126.9778,56.7463,2.7048,101.8451,33.0817,4.9971,21.118,252.4521,0.3953,125.5866,2.562
TARGET-10-PATGVX,19.7324,138.141,203.5283,72.8529,74.6518,65.6937,78.3242,6.6686,30.7992,59.3068,23.6401,0.4845,58.8016,35.4589,0.2133,55.6905,44.3801,8.0468,99.5064,2.3541
TARGET-10-PATGWP,11.5706,30.2811,309.3403,4.7562,16.0873,39.0446,46.6136,45.7524,209.2837,25.0357,42.6987,0.1973,49.3693,92.1535,0.42,13.8746,16.9869,5.281,53.4525,0.2847
TARGET-10-PATGXS,25.8468,37.4425,126.0537,10.8989,48.212,34.6641,98.276,27.0521,71.1566,70.5506,67.989,0.5615,60.4054,42.7935,4.1248,149.1024,115.6818,9.0253,67.1993,0.1286
TARGET-10-PATGYH,5.9126,15.4974,242.2509,9.776,20.6866,1.9274,22.3752,27.2614,43.2725,25.1777,18.1705,0.525,40.1862,40.8839,0.0735,5.4923,140.44,3.0755,34.8831,2.0141
TARGET-10-PATGZA,43.7697,52.5576,129.8635,44.1679,35.9398,39.365,141.6028,49.5457,118.9106,46.0753,56.176,2.6027,108.6484,107.1615,1.8991,61.9372,63.8966,7.5286,85.8635,0.1248
TARGET-10-PATHBG,36.6611,58.4398,419.5928,113.0387,52.3032,58.5639,246.2273,38.5396,302.6347,73.0696,64.3087,7.024,108.7931,86.4674,6.6126,28.0178,54.3513,5.5212,118.8996,0.1684
TARGET-10-PATHFE,4.2373,55.9732,717.356,0.8078,11.4311,99.947,35.94,105.6877,139.0727,24.2009,69.82,0.5276,44.4859,30.042,0.0924,79.876,150.9907,2.1847,32.1893,0.4079
TARGET-10-PATHGY,4.4696,31.199,477.3798,20.5779,6.6922,117.4282,20.2199,88.9744,91.3758,14.2587,69.5953,1.5469,76.1308,28.1748,1.8024,1.5527,154.6577,3.7075,29.2831,0.2537
TARGET-10-PATHJF,19.6194,31.1154,409.2278,15.9241,107.4106,6.6682,96.2141,12.9736,62.011,76.9462,27.6573,0.8637,107.5035,158.9587,1.1373,1.1996,36.577,10.8602,161.0692,1.0684
TARGET-10-PATHRF,5.2895,37.4221,705.8163,4.2385,25.4695,44.8432,30.2087,66.2993,110.4808,98.4842,149.5643,0.6687,130.4175,30.54,0.4215,1.9811,260.5767,2.8628,77.9069,0.5169
TARGET-10-PATHWV,7.0943,44.1471,307.8133,35.4725,19.4578,86.9812,41.5545,47.2091,181.4497,33.9438,93.0343,0.2753,77.4225,43.3401,0.7052,80.7513,215.3104,2.659,68.9864,0.0405
TARGET-10-PATIBE,6.4579,20.9619,447.7408,7.056,35.7637,66.429,58.775,43.1294,142.5016,96.1474,163.2083,0.1422,98.783,30.9237,0.1726,0.0658,332.0481,6.022,72.7989,0.1954
TARGET-10-PATITB,9.6001,18.1868,429.4635,1.7536,16.9836,52.5291,41.4819,23.5965,23.4225,26.3246,48.7366,1.4426,24.1837,33.7734,1.6282,48.0174,114.5377,1.8947,29.4786,2.6341
TARGET-10-PATITY,2.8116,51.1983,830.6983,30.248,21.5987,76.3046,36.4374,69.5946,93.1671,23.2133,13.3026,0,26.8812,24.6256,0.1006,116.5756,101.3924,0.6795,42.0964,0.074
TARGET-10-PATJBC,7.0114,22.9239,397.0831,23.1374,24.5354,21.8796,23.9099,8.4485,43.7454,24.2615,2.1692,0.3194,92.7786,68.2011,0.3132,30.5969,122.0949,0.8097,66.8068,0.6173
TARGET-10-PATJLT,26.4853,54.7969,474.9983,20.1103,65.4988,22.4272,103.6809,41.2288,110.995,246.3007,8.3072,0.325,174.6784,46.204,0.4006,1.7331,301.1161,1.6695,103.2355,0.5359
TARGET-10-PATJZK,11.0516,39.3988,527.8919,23.552,18.7737,24.5792,58.1374,37.7694,95.4278,32.0015,121.4017,3.4453,68.6678,48.3963,5.8549,185.4375,177.7393,1.4844,119.0329,1.0927
TARGET-10-PATKGP,9.8813,48.0687,525.5093,2.7426,39.515,35.6377,47.4571,10.718,61.3835,22.107,40.618,5.4283,52.7634,37.1339,4.3566,29.9521,100.3419,0.5951,94.1956,3.0245
TARGET-10-PATKVD,2.8398,36.1459,452.8467,0.3148,11.1075,25.7031,18.2186,20.563,70.8683,53.0999,10.1205,1.3522,66.5855,83.7468,1.6521,0.2191,187.7729,12.0357,83.1514,1.9359
TARGET-10-PATKWU,7.3694,47.4221,279.4802,0.4922,26.1749,112.3705,33.3746,43.7848,54.9358,33.2603,36.7825,0.6288,30.7278,49.9191,0.2265,46.8809,213.6013,0.4858,80.5783,0.2778
TARGET-10-PATKYI,17.1445,93.6864,1909.0822,28.1535,65.6919,76.0272,195.8693,18.0457,119.5055,117.073,67.4228,1.7438,87.1931,97.6718,0.6662,1.5632,38.4411,1.0716,66.6596,14.7879
TARGET-10-PATLGU,21.2894,40.3041,961.7208,145.7555,47.5129,10.5991,71.0036,4.1473,31.1357,53.1195,229.2043,4.355,134.6216,38.1748,6.1592,98.5882,137.3259,10.5413,80.4032,0.6516
TARGET-10-PATLHH,5.5456,52.159,499.6952,41.1499,9.5739,2.8853,15.226,48.7056,113.1932,33.4842,30.9068,0.9644,93.5522,56.7367,2.8368,0.0515,212.463,4.413,67.0084,6.1555
TARGET-10-PATLHS,12.3081,43.3141,529.6486,20.0877,29.7338,71.3974,81.7271,35.0768,68.3293,49.4387,156.8283,2.5713,51.6859,39.3903,1.9895,90.5873,238.2092,15.2299,28.3424,0.3155
TARGET-10-PATLNS,6.2927,60.9035,1114.6311,1.0925,13.0386,68.1792,75.1278,64.8015,156.2358,37.2665,17.3053,2.0982,66.6061,102.0967,1.1982,30.6317,65.9091,5.6191,65.6435,0.5407
TARGET-10-PATLNZ,8.2534,22.6225,394.8623,3.7612,79.0915,26.3975,43.7193,16.599,95.2833,59.0755,46.145,1.4084,70.284,37.8738,0.883,0.95,108.6651,0.544,114.7968,2.5577
TARGET-10-PATLRZ,6.7084,93.8262,755.9548,2.9566,22.0188,67.8471,30.5041,40.9601,52.4892,41.4568,34.7386,1.0483,54.399,35.997,1.4317,16.6891,151.4836,0.3986,45.6009,2.3638
TARGET-10-PATMAF,7.2099,58.7096,300.9554,109.7142,25.5662,12.8404,113.1378,33.7415,297.7574,44.1571,50.0696,0.3277,84.9557,148.9973,1.2668,31.6018,15.1981,6.6897,36.5134,0.1689
TARGET-10-PATMRE,18.721,34.2925,429.7725,55.6955,134.8605,43.0485,120.0129,10.115,57.4773,148.1771,99.299,0.9428,51.4965,66.1875,3.8863,45.3417,80.6641,9.1046,177.5805,4.0954
TARGET-10-PATMTV,6.4037,36.2265,532.9619,0.5658,20.4756,73.6756,38.2238,66.914,99.0022,12.9097,78.4916,0.1053,56.4454,41.9472,0.9147,35.9658,143.2265,6.0283,44.5397,0.2171
TARGET-10-PATMVH,2.1949,46.9128,704.4025,8.3246,9.4147,17.7038,26.2675,44.1459,148.0997,54.0593,44.3992,1.0675,57.5631,38.1635,1.833,22.6032,185.0683,3.3057,46.7605,0.6034
TARGET-10-PATMXN,31.397,46.4896,503.7254,13.0633,86.8162,10.5626,220.298,12.0021,116.7403,109.2652,173.0647,1.89,122.3867,96.182,1.559,1.4583,51.4522,6.1042,161.3805,8.6584
TARGET-10-PATMYZ,12.1109,36.25,711.7857,99.6918,124.0996,7.1373,163.1548,3.9126,17.6686,62.8575,54.0843,1.2573,55.1049,27.3103,2.5485,29.213,61.3728,46.9969,100.1061,0.1525
TARGET-10-PATNAM,16.1159,8.4501,514.5991,10.5228,14.7241,2.8766,13.2204,8.6397,32.1985,27.6341,13.4977,1.0103,26.1066,14.2508,0.1639,0.5391,61.5201,2.3004,25.8682,0.4933
TARGET-10-PATNIA,3.3912,57.7915,434.239,0.56,7.5676,7.4514,21.2889,20.3164,39.4952,14.3375,7.913,1.0529,43.9746,67.1922,1.2905,0.0219,126.123,3.6656,21.5666,0.6783
TARGET-10-PATPDA,3.9378,23.026,629.5562,0.5538,17.2147,19.7364,10.6147,13.3261,52.0792,33.4234,22.7418,0.9966,32.8078,58.7091,1.1745,0.6491,121.8239,2.1372,64.998,1.0272
TARGET-10-PATPGE,30.0771,46.145,768.9193,14.1883,64.1409,15.4211,147.6352,10.6446,99.4395,82.6329,20.9091,1.6526,88.481,51.1805,3.9774,83.9222,89.9809,21.2264,116.527,1.084
TARGET-10-PATRAB,3.5498,18.1912,1148.1692,1.3811,20.8301,41.0681,17.3503,31.2573,62.1238,57.0901,60.4813,0.3801,67.2044,25.3613,0.2614,8.6675,193.0265,3.8778,58.9369,0.6411
TARGET-10-PATRGV,3.5182,15.3677,804.4647,2.4519,18.5737,20.6259,26.4919,11.6584,45.7062,33.9988,14.5827,0.5375,66.3982,21.4999,0.5675,38.6549,95.4608,1.062,71.8455,1.3211
TARGET-10-PATRHL,4.8133,19.6475,1451.6562,18.0979,10.0564,44.7923,23.9652,86.8004,31.9677,28.3026,234.6033,0.7599,49.2954,21.9893,0.3921,31.082,158.6335,3.1901,34.7241,1.855
TARGET-10-PATRNA,7.3627,32.3001,762.0044,1.1273,7.2955,15.5321,7.6912,32.0033,61.5732,28.1582,50.9852,2.5622,49.2506,29.598,4.113,2.5869,195.2691,0.6048,44.6369,1.2576
TARGET-10-PATRUN,11.5212,112.5059,513.1358,4.1214,29.125,24.5582,64.61,32.2123,188.9686,23.4302,49.0717,1.7856,63.5312,155.673,2.4204,16.2551,134.213,0.7009,70.001,0.6531
TARGET-10-PATRXL,5.8944,20.4131,217.2376,36.7493,7.7095,37.9371,13.7882,18.6483,45.1852,13.3243,24.5678,1.1061,11.4885,17.3847,0.5641,4.0021,93.7417,1.3421,42.6429,0.0877
TARGET-10-PATSIL,4.1602,68.3232,554.9036,4.7299,19.3117,12.7445,11.7159,20.8242,86.1696,34.8223,7.8593,0.3163,43.7036,64.0609,0.5316,0.0527,128.8285,0.5559,103.8227,2.2494
TARGET-10-PATSIY,14.5642,65.705,447.1579,66.3608,49.8296,115.0687,146.8482,44.4176,264.2842,87.8883,142.5236,0.8671,107.4346,102.1402,1.9212,213.7146,189.631,3.9431,81.5806,0.0812
TARGET-10-PATSLH,3.4663,24.3637,279.1393,1.7901,18.9725,38.0201,19.4367,15.8148,56.3814,39.8846,12.7187,0.4734,27.8114,54.1274,0.4067,27.0589,79.5449,3.0292,58.3583,2.0167
TARGET-10-PATTHR,4.5881,40.9486,317.5262,18.1887,12.3874,11.4063,44.6013,18.4938,96.5638,57.4826,83.1396,0.7786,50.2164,45.6395,0.9868,0.0206,162.5459,4.8624,28.0565,27.8225
TARGET-10-PATWHB,15.4181,18.5245,113.4898,51.9421,27.0575,42.4268,68.5113,15.3926,76.707,58.8557,91.2779,2.8459,52.5618,17.0098,0.7035,93.2928,79.6684,0.9053,28.565,0.6327
TARGET-10-PATWIJ,11.1432,25.345,488.8807,1.2595,18.7579,63.0796,36.3231,57.9577,55.7693,30.7351,68.8778,3.7775,58.8914,14.7294,0.4136,81.6374,183.6081,0.3522,46.1218,0.5818
TARGET-10-PATWJU,6.6411,25.3131,367.441,4.1202,11.1484,28.3459,15.7383,50.1941,55.6553,12.4595,46.2609,3.4947,33.7749,24.5674,2.7954,0.2299,100.1916,6.3412,54.2879,1.3745
TARGET-10-PATWNL,4.7186,9.1164,102.0321,0.2056,10.3803,35.1893,20.1497,28.0495,45.1132,14.3707,1.4205,0.174,9.6809,16.1527,0.0894,85.4063,52.8004,0.1568,26.3262,0.4483
TARGET-10-PATWXC,3.0061,10.4858,258.9109,1.4436,14.7334,9.6994,9.606,18.2825,17.9062,24.3133,18.6259,0.4237,16.8272,18.0123,0.5426,12.0206,136.8519,1.1456,54.2023,1.1854
TARGET-10-PATWYL,27.1053,49.247,337.9334,22.9802,52.7512,28.0302,103.0383,35.5283,135.4783,198.5297,54.315,0.5917,96.8108,74.4916,1.0981,2.3214,269.0569,3.3998,118.441,2.8207
TARGET-10-PATWYZ,2.4161,11.5039,289.9781,0.4318,8.1219,43.4507,17.2168,69.8156,61.3158,15.4364,30.1151,0.5894,21.224,12.6758,0.4053,31.3818,98.8947,2.3182,42.4889,0.5799
TARGET-10-PATXAL,6.5181,13.8311,374.3646,1.1396,41.1138,35.8878,53.7158,43.4925,35.9749,30.5417,20.9957,1.1049,41.4927,32.9555,0.2683,109.1395,119.2817,1.7429,75.6226,2.164
TARGET-10-PATXNK,2.0888,32.8096,893.7089,4.6416,22.6633,34.8836,19.626,43.4069,52.3112,59.7396,25.5212,0.1113,42.669,45.727,0.1664,2.2784,223.2249,3.061,67.6486,0.5356
TARGET-10-PATXNR,2.0728,29.0134,489.7375,1.7448,11.0381,61.5717,23.8408,64.9326,130.9932,27.4912,140.4833,0.6687,71.6384,37.9345,0.4014,0.283,267.9359,0.9041,46.5548,0.2626
TARGET-10-PATXSK,8.0735,13.102,372.1369,8.5732,14.6956,29.1001,34.3359,31.6901,49.0886,26.3798,163.6531,0.5007,17.592,8.8943,0.1578,71.9966,86.1363,1.2269,25.7351,0.129
TARGET-10-PATYCH,12.7591,38.9955,1220.3363,10.688,15.7108,90.0309,45.2003,152.5342,137.2347,48.9479,239.7559,5.0739,62.3977,47.4009,4.9471,7.0912,575.1968,1.1883,116.3472,3.4592
TARGET-10-PATYJK,52.3105,60.9662,135.1355,256.9765,36.3641,32.8897,184.8955,34.9994,126.7248,109.5367,68.3888,30.9477,123.9217,113.6505,8.1962,0.3675,36.6144,4.7705,88.4719,16.6696
TARGET-10-PATYMP,5.0815,21.7149,559.747,4.8399,18.136,12.4389,11.5413,12.3413,44.3898,22.5032,63.8827,0.1911,32.4461,21.6346,0.1071,1.1679,63.5066,1.2919,68.9156,0.7035
TARGET-10-PATYWV,10.9145,28.0665,568.6035,12.967,20.666,17.2355,24.7852,29.5335,36.1585,58.8363,92.6781,0.3633,50.9199,41.3951,0.2163,1.3369,197.1421,0.9209,56.3098,1.0765
TARGET-10-PATZFF,2.7597,23.9738,753.3818,0.5997,15.3035,15.96,24.9382,72.6496,27.0279,22.7007,24.2368,0.659,27.9096,23.3937,0.7276,43.7994,173.0196,0.6289,48.7656,0.839
TARGET-10-PATZSL,4.1068,9.8935,228.0346,4.2814,18.1767,17.3211,20.8643,28.6877,47.6733,50.2776,177.3958,0.1253,42.402,10.0784,0.0468,87.1473,109.251,1.4683,65.3137,0.0431
TARGET-10-PATZVD,16.1389,40.8458,303.0211,37.9028,77.9255,30.0015,70.5236,8.6125,54.6875,88.4842,21.4573,3.3467,38.4869,55.5746,5.1889,101.2303,82.789,5.5389,150.1211,0.7137
TARGET-10-PATZYC,2.5641,49.1496,1313.514,10.6648,10.8223,13.7224,19.1057,18.3488,70.658,44.8655,107.5527,1.3751,59.5607,54.4586,1.2038,2.8766,222.7465,2.963,73.0235,1.1516
TARGET-10-PAUACG,66.3474,62.5969,162.704,109.9007,59.3504,42.102,160.9432,25.1943,207.74,115.6565,7.2285,5.1419,78.5352,63.2642,8.8685,367.2473,183.7035,0.9213,84.849,1.1494
TARGET-10-PAUAFN,7.9412,28.9822,726.4204,2.4572,29.5702,55.338,29.9106,42.746,90.3383,65.7341,141.2533,0.3074,71.2225,38.4247,0.3617,78.5885,402.6774,0.4156,87.8623,0.1267
TARGET-10-PAUAJA,21.6981,44.1857,202.1719,43.6966,19.311,99.8831,99.0192,38.4164,93.674,77.7277,18.7334,1.2614,103.7626,72.8801,1.475,50.5753,114.9067,12.8275,90.5793,4.2397
TARGET-10-PAUAYB,7.9226,44.9012,320.4619,37.7964,9.6955,117.5831,49.5143,58.8317,206.119,20.8971,150.0744,0.0301,40.5127,42.2428,2.5309,141.4489,159.1058,1.6286,56.1203,0.1242
TARGET-10-PAUAZV,10.6296,26.7772,551.6184,4.074,13.6145,36.8189,18.8853,56.1172,72.7534,42.3454,83.5237,2.2982,73.6453,25.7929,2.7018,0.5814,211.5669,1.2206,93.8745,1.2267
TARGET-10-PAUBCB,2.7297,9.5089,440.6143,0.6385,15.927,31.0469,6.7059,17.8756,31.721,59.18,33.8892,0.2032,25.0408,26.6447,0.0285,1.8131,124.3077,1.717,42.5792,0.4712
TARGET-10-PAUBCT,49.143,26.5478,226.1907,9.0775,39.6051,38.6899,52.0993,24.6138,56.817,44.9351,112.4225,4.4155,69.0019,18.5329,4.3684,76.2729,116.7143,5.8083,71.0488,4.8383
TARGET-10-PAUBLL,21.7067,39.6165,363.8788,51.1943,38.5576,38.7382,89.6476,22.2372,72.7533,94.2348,40.863,4.8702,87.2782,25.6004,4.5843,114.6619,90.288,1.0535,51.3912,3.7483
TARGET-10-PAUBPY,6.7841,42.9073,215.7249,20.218,11.9126,63.7358,51.6602,75.6682,194.4039,51.7365,45.9451,2.0125,42.4686,56.2003,3.638,32.5586,219.947,4.5689,38.2866,1.4481
TARGET-10-PAUBRD,4.0607,37.885,574.1928,5.1474,9.603,28.5069,19.8228,28.9711,30.7844,50.0392,13.6041,2.358,41.4419,69.9836,3.6408,1.0941,270.3898,3.2242,83.1315,0.9943
TARGET-10-PAUBTC,7.381,14.244,302.1333,0.763,27.2211,41.4882,17.8865,54.5926,101.8757,40.688,36.1667,0.5496,42.3839,25.9583,0.1776,10.4391,155.4088,1.3717,43.4124,0.1307
TARGET-10-PAUBXP,3.8816,49.9885,415.5471,17.9942,13.0738,25.2677,47.6506,60.9579,153.1679,64.7019,80.5199,0.4151,61.555,45.3749,0.2907,0.6053,260.9437,9.4466,43.6454,0.6061
TARGET-10-PAUCDC,10.786,63.3635,425.6666,16.3082,21.7265,0.9928,53.099,36.185,122.564,90.9191,36.7267,0.5476,94.5972,48.3484,0.1841,0.0304,270.3186,1.8508,57.9974,0.508
TARGET-10-PAUCDY,36.4968,60.1132,688.0894,677.429,52.4209,6.3458,328.4805,23.2197,135.2744,230.387,75.4778,1.576,126.6327,107.0645,2.6491,0.3536,39.1759,7.3756,65.2893,15.6824
